index,title,collection,author,solved,push_count,moves
1,Level 44,Microban,Unknown,true,1,R
2,Level 11,Microban II,Unknown,false,0,
3,Level 9,Microban II,Unknown,true,6,ulllddrRllddrrUdlluuuurrrdDLruulDullddddrrrU
4,Level 10,Microban II,Unknown,true,9,dlllUdrUdrruLuullDRDuurDllDurrD
5,Level 1,Microban,Unknown,true,8,dlUrrrdLullddrUluRuulDrddrruLdlUU
6,Level 2,Microban,Unknown,true,3,rddLruulDuullddR
7,Level 9,Microban,Unknown,true,10,urrDulldRdRluurDrDDlUruLdlUruL
8,Level 14,Microban,Unknown,false,0,
9,SE 647,Sven Egevad,Sven Egevad,false,0,
10,LOMA06-09,Aymeric Du Peloux,David Skinner,true,14,ruuLDuruulDrdddLuruulDrddldlluuuRRlldddrruUrULuurDlddddlluRdrUU
11,LOMA10-01,Aymeric Du Peloux,David Skinner,true,12,ddRRRllluurDldRdrruuLrddrruLdllluluurDrDurDullldRR
12,Level 1,Microban II,Unknown,true,16,dllUUddrruLdlluurDuluurDlddrrdLuluurDldRdrruLdldlUUUruulDrdDldRuuulD
13,Level 2,Microban II,Unknown,true,7,rdLulldddrrUUruLdddlluuRUrD
14,SE 794,Sven Egevad,Sven Egevad,true,19,uuuuRldddRluRluurDrruLLdlddrUluRddlddrUUluururrdddLLrruuulldDlDuururrddLruLLrddLruL
15,SE 797,Sven Egevad,Sven Egevad,true,17,uRRurDRluRdlllluRdlddrUluurRdLulDrrrrddlUruuLrdLLLrruLL
16,SE 1171,Sven Egevad,Sven Egevad,false,0,
17,Autogenerated 6,Autogenerated,Yoshio Murase,false,0,
18,Autogenerated 22,Autogenerated,Yoshio Murase,true,23,LLUdrruLLLulldRdRRuLdlUrrrrdLLuluurDldRllluRdrUdrdrruLLullddRUruLdrrdL
19,Autogenerated 29,Autogenerated,Yoshio Murase,false,0,
20,Autogenerated 35,Autogenerated,Yoshio Murase,false,0,
21,Autogenerated 40,Autogenerated,Yoshio Murase,true,13,dllULuurDRddlUlulldRRRdrruLuLLrrddlUruL
22,LOMA04-10,Aymeric Du Peloux,Roger Delaporte,true,12,dlLrruuullldRurrdddllUUdddlluRdrUrruuulLdDDrruuLulDlluR
23,LOMA08-09,Aymeric Du Peloux,David Skinner,false,0,
24,Claire,SokEvo,Lee J Haywood,true,7,rddllUdrruulDrddrruLdllluurDurDrruLL
25,Alice,SokEvo,Lee J Haywood,true,7,uurruurrdDuullddllUdrruurrddLLLrrdLrdrU
26,Sophia,SokEvo,Lee J Haywood,true,9,urrddrddlUruruulllldRurrrddddlllluRRdrruulDuruullldDDuRR
27,Jill Leatherby,SokEvo,Lee J Haywood,true,9,ruLulldRRdrruuLrddlluRuLdlluurDldRR
28,Andrea Wadd,SokEvo,Lee J Haywood,true,8,lDurrddlUlulluurDurDllddRdRluluurrrrddlLU
29,SE 76,Sven Egevad,Sven Egevad,true,7,ddRluururrddlLrrrddllUdrruulLdllUdrruruulldDrdL
30,Level 15,Aymeric Du Peloux,Unknown,true,30,rdDrrddlULulldRRRdrruLuLLuurDlddlluRdrUdRdrruLuLuullDDRUddRdrruLuLrddlUlUlldRRRdrruLuLrdL
31,Level 11,Sasquatch VII,Unknown,false,0,
32,Handmade 2,Yoshio Murase Handmade,Unknown,false,0,
33,Handmade 3,Yoshio Murase Handmade,Unknown,false,0,
34,Handmade 15,Yoshio Murase Handmade,Unknown,false,0,
35,Handmade 16,Yoshio Murase Handmade,Unknown,true,17,lluuLrddrruLdlULuullddRdRRurrddlUllUdrrruLLdlluluurrrDDLdRurrddlUruL
36,Handmade 40,Yoshio Murase Handmade,Unknown,false,0,
37,Cherta #56,Grigr2001,GRIGoRusha,true,20,lldDuurDldDDurrruuLullddddldRRdrUUdlluuuuurrdLulDDDrRllDldRRdrUUdlluuuurD
38,Miner #72,Grigr2001,GRIGoRusha,false,0,
39,Zerkalo #77,Grigr2001,GRIGoRusha,true,20,ruruLddlluuluRRldddrruurrrdLLulLrrruullDldRRdrUllullldRRRRlllddrrUruLLrdrrruLdlluullDrrdrruL
40,Radost #97,Grigr2001,GRIGoRusha,false,0,
41,Samogonka #99,Grigr2001,GRIGoRusha,true,20,rurrurrdddLLURdrUUUllDurrruLdlldllddRRULrrruullDurrddlLuurDuruulDrdddLuruulDD
42,Level 8,Sasquatch VII,Unknown,true,12,ldLLuUddrrurUdldllulldRururRuullDurrdddrrdLuluuurrdLulDulldlluRR
43,Vilka,GrigrSpecial,GRIGoRusha,false,0,
44,shuffle2,Holland,Unknown,true,29,UURRllUdddrUluuluurDRRurrddddlLuUddrruuLDuruulDrddlldLdlluRRluUluurDrRllDDuurrurrdLLrrddllULrdrruuullDrrddlUdrddlU
45,Level 2,Sasquatch V,Unknown,false,0,
46,Aislinn,SokHard,Lee J Haywood,false,0,
47,Darcy Bursnell,SokHard,Lee J Haywood,false,0,
48,Erin Bursnell,SokHard,Lee J Haywood,false,0,
49,Ivy,SokHard,Lee J Haywood,false,0,
50,Kaylynn,SokHard,Lee J Haywood,false,0,
51,loom1,Holland,Unknown,true,46,urRRUrRdLLLdlluRuRRdLrrruuullDDldRuuurrdddrruuLrddlluLLdldlluRuRRdLuruurrDrrddllLrrruullDurDulullddRllluRdddlUrurrdLLurrRuullDurrdrrdLLrrddlUruullulldlddrrRuurrdLrddlUUdlllldlluRRuulDrdRRRllldlluR
52,Level 2,Sasquatch VI,Unknown,false,0,
53,Level 4,Sasquatch VI,Unknown,true,14,dlUllLdlUrrrrddlULrruruulDrddllluluurDRDulldlluRdddrUrRuulDrdL
54,Level 1,Sasquatch V,Unknown,true,39,rdLuuuuulldRurDDDDlluRdrrddlUruLUUUruLdlluurDldRurDDDDrruLdlUUUruLdddlldRRRddlUruLullddRluurruulluurDrddddLdRuuuuulldRurDDDrdLddrU
55,Level 12,Sasquatch V,Unknown,true,31,rrdLdLrdDuulDrdDuullDururuulDulldRurrdddlldDuurruuulldRlDRdrddLUlldRlddrUluurUUddrruLdrdrddlUruullllddrRUdlluurDuUrrdLulDuruuulldRurDDDuuurrdL
56,Impossible Way,GrigrSpecial,"YASGen, Brian Damgaard and GRIGoRusha",false,0,
57,Wanderer,GrigrSpecial,Dries De Clercq and GRIGoRusha,false,0,
58,Unfinished Rain,GrigrSpecial,Dries De Clercq and GRIGoRusha,false,0,
59,Unfinished Cell,GrigrSpecial,Dries De Clercq and GRIGoRusha,false,0,
60,Abstract,Holland,D Holland,true,14,LUUluurrrddLruulllddlddRRlluuruurrrddlULrruulDrddlLddlddrUUddrruLdlU
61,moebius1,Holland,Unknown,false,0,
62,shuffle1,Holland,Unknown,true,15,uuLUlUlldDrddlluluuRlddrdrruulUdrUrrdLurUddrddlUUluurruullDDrDuluurD
63,Level 20,Sasquatch,Unknown,false,0,
64,Level 7,Sasquatch VII,Unknown,true,18,ulllUUrDuurrdDLddlluRluurDlddrrrUdllluuururrdrdLuulldllldRurrurrddddllluUluRdddrrruuuullulDrrrddddllluurUdlluRdddrrruuLDrdL
65,Level 12,Sasquatch VII,Unknown,false,0,
66,Level 14,Sasquatch,Unknown,false,0,
67,Level 5,Sasquatch IV,Unknown,false,0,
68,Level 3,Sasquatch VI,Unknown,false,0,
69,Red star #104,Grigr2002,GRIGoRusha,false,0,
70,Level 2,Sasquatch,Unknown,true,16,ruruulDlDlDDulDrrUdlllddrrUdlluururrdLdLruurrUdlluRuRurrddlUllddrUdlllDururuR
71,Level 9,Sasquatch,Unknown,true,42,dlLLrrruuullllldRRRurrdddlllDlUUdrrrruuullllldRurrdRullldRldddddrUUluuuurrrrrddldllLdlUUdrrrdLLuluUddrddlUrurrruruulllldlluRdrRurrrddldldlllUUdrrrruruullldlLuRdldddrrrdLullddrUruLdlUUUUruRdllddrrrruruulDLLulLdddrrrrUruulLLrrrdL
72,Level 3,Sasquatch IV,Unknown,false,0,
73,Level 4,Sasquatch VII,Unknown,true,14,uulLrdrddrruuLUluurrdLdllluulldddrRurrruulDrdLrdrddlluUddldlluRUURllluuurrdDuulldddrR
74,Level 13,Sasquatch V,Unknown,true,20,ruRdlldddrrUUrRdLulUlldRuuurDlddRllddrrUrruuuLrdrruLLdddrUluurrdLulDurruullDDrdddllldlluuuruurRlldddlddrrurrruuuruullD
75,Colobok #103,Grigr2002,GRIGoRusha,false,0,
76,Level 21,Sasquatch,Unknown,true,36,luulLLddLLdlluuRlddrruLuRdrruurrrddlLLLLuuRlddrrrrruulDrdLLLuLulDrrdrruulLdllllLLulldRddrRRllluuRRRRRlllllddrUluRRRRlllddrrUdlluurR
77,Level 2,Sasquatch IV,Unknown,true,32,luuRluuRRRlllddrRRllluurrrRllllddrrrdrruuUllllDurrrrdddllulLrrdrruLLrruullllddDlUruurrrrddllLLuurrruurDDDullllddrrrRuulllllldRurrrrrddlllldlUdddrUUluRRRdrruuullllDulDDRddlU
78,Level 4,Sasquatch IV,Unknown,true,31,uruululllddRluurrrdrdddlldlUrruruulDrddlldddlULrruulDrddlluRuurrruuululllddrRUrrdddllUUlDrdrruuLDlluRdddlddrUUUUlDDrddlluRdllluRRdrrUUddlluRuuurrruulDrdddLruuLrddlU
79,Level 3,Sasquatch V,Unknown,false,0,
80,Level 34,Sasquatch II,Unknown,true,22,lLrdRullLddlluuRRdRRlluRlluurrDullddrdrrUrrRllldlluluurrdDldRurrrrRuurrddLLLLLrrrrddllUdrruulLruL
81,Level 6,Sasquatch VI,Unknown,false,0,
82,Level 1,Sasquatch III,Unknown,true,42,rdddddDlLrruuuuuulluRdrddddddllddrrUUUdlldlluRuuuurUdldddddrdrruuuUddlLrruuruulDDDuuuuululldRddldddDrddrruruLuuuuuuruLLrdddddddddlluuluuuuruuRurDllluRdrrDDuullddlddrUdlddrddrruuuuruuluulluRdrddrddlddddlluuluuurUUdddlddrddrruuuuruuluululldRddddlddrddrruuuuruuluuruLLrdddrddlddddlluRlulldRRuluuuuruuRurrdLddrddlddLLdlluRuuuuruuRurDllluRdddddldddrdrrU
83,Level 10,Sasquatch IV,Unknown,true,27,dlUUlllddrURlluurDldRuuluururuuLDuullddRDDDDrddlUUUddrrrruulDrdLrddlULrruulDrdLuLLulDuuUU
84,Rogalik #134,Grigr2002,GRIGoRusha,false,0,
85,Mekom #135,Grigr2002,GRIGoRusha,false,0,
86,Suriken #138,Grigr2002,GRIGoRusha,false,0,
87,Level 8,Sasquatch VI,Unknown,true,20,llllddddrRlluuuurrrrrrrrddddlLrruuuullllllllddddrrRuulDrrruLdlddrrUrrruuuullllllllddddrRurDllluuuurrrrrrrrddddlllddlllUdrrururrruuuullllllllddddrRurrurrDulldlldddrruruUllldlluuuurrrrrrrrddddlLulDullldddrrrrUdlllluulluuuurrrrrrrrddddlLullDulldlluuuurrrrDullllddddrrurrdDuulldlluuuurrrrdD
88,Level 1,Sasquatch II,Unknown,true,45,lllldRullldddrrrruUlullldRurrdrruLLdrddlllluurRRlllddrrrruUllluuuuuulldRurDDDDDldddrrrruuruuulluuLrddrrdddlddlllluuRlddrrrruuruuulluulLrrddrrdddlluRdddlllluurRRlllddrrrruUllluuuuuulldRurDDDDDldRRluuuuurrddrruuLLLLdddddlddrrrruurUUdLdddlllluurrRlllddrrrruUllluuuuuulldRurDDDDuuurrrrdDD
89,Level 2,Sasquatch II,Unknown,false,0,
90,Level 12,Sasquatch II,Unknown,false,0,
91,Level 16,Sasquatch III,Unknown,false,0,
92,Screen 38,XSokoban,Unknown,false,0,
93,Level 2,Sasquatch III,Unknown,false,0,
94,Level 8,Sasquatch III,Unknown,false,0,
95,Screen 6,XSokoban,Unknown,false,0,
96,Level 14,Sasquatch III,Unknown,false,0,
97,Screen 2,XSokoban,Unknown,false,0,
98,Level 41,Sasquatch II,Unknown,false,0,
99,Screen 7,XSokoban,Unknown,false,0,
100,Screen 51,XSokoban,Unknown,false,0,
